_pabloskyy_,055f6d39-7461-4e84-8a12-2e41bc9a81ef
transcois,023ef541-569a-42bd-b62f-7da4fe92edc3
itzzeldris__,4923198f-5086-326f-8392-aab8b3b5b75b
windyyesfound,78cff8bd-7bba-33a1-8ec6-eb4080a1ae1b
samucraft,725ce24c-c7b8-32e0-ba8c-a618455927e3
unicheto,7730bb99-85cd-4682-af6a-1460bcb58309
cram07mc,48331c5e-a9b5-4511-9458-76eb7e2dab64
ric0paul,e450fbe5-833f-3f17-83f2-c0e06c302720
alcaplay,ba615335-2afe-42ae-9d76-9ece935e91aa
crashdavid274_yt,5e02bfed-8a1b-34e3-b846-760d5f202d20
mrpandush,a4f64f30-e93e-4a0f-ac12-b571fa6e2580
juanibpro,3652c0fe-7dd6-3304-a571-0f3030cc5141
yosoycriis,eb22fba5-3b92-3794-b03d-c60d79574b7f
aekuu,e93bae32-1765-47c3-a3a3-6ca9643356d0
chanmander2005,5216212f-99a9-3964-a8ec-041aef04234f
sao1545,99eab230-260a-4d07-b75f-01eac8fb0a42
monstarfl,3fda8f00-074b-4296-a7df-759c320a99e1
fire_stick01,4fabcf93-57f6-4e5c-aefa-15bd75606d6f
cocafy,96c97082-4960-3c59-831f-f109299cb556
itzleoking,b9f672b4-5866-4110-8cdb-547cf508b143
imcrisgameryt,589377a8-17d5-4601-bf12-14c097c427e1
posduck,5e3c267a-0915-3451-bd6f-1e3fbd48061d
_remuke_,d0fe26ac-d78f-44ca-b507-b7166f401a70
sergio_803,79f8bf1f-1158-3ec3-bb56-6034a5c832ef
lalouli,ce742f5a-7cc1-3901-a87a-644a7b150a4e
xxthemasterxx_,c37cfe8d-e9cd-31b2-b50d-ec7ef90e3721
zapallito535pro,3496c961-93c4-305a-9f5d-ebc17cc1ab2a
itsmarioyt,7722cf1c-db7a-4cfa-8eb2-ad2d809d746e
srcreeperyt,62dc0fca-6b38-4eb9-b687-7cf9b25059c0
md_5,c70f922a-984d-37b1-94a2-58bf198a55e5
juan_hdez,024394fc-e46c-4095-9356-f1d2714a9e89
zelnc_12,5c1e8078-2110-3e26-8722-af0895a3a04d
xrays_nide,768093ac-3fc5-4931-9f05-167e98782b3b
soytemple,d886e2ac-ca2a-4fdd-af3d-3d92c34727f3
imnaudi_yt,34406e0d-b508-4915-b54d-ea4c1aa38d38
luuucho,04c5a1a4-09cc-3dcf-87d5-d6f417b4f86b
soni123_yt,3e7b77ff-ed2c-3943-960e-aa2847e8d59e
goregmr,b7938c31-07c8-4fcb-97ec-bbae97139961
cocoplay2020,516b8111-5fda-3a7d-8fb0-89576abc068c
levi_,90241370-f81f-3f30-bfb7-b37499ef441e
xxkakunxx,3ac1dd42-5631-3d98-bd48-cb1f88b65e55
elemental_mods,f7a39651-2f21-413b-9937-367010191627
pabloblue,52f3c481-fe67-31fa-953b-4c08460fe37c
juancitocubo,59867c10-7a02-37f3-9df9-803f6d0de69e
marcos103,66d33276-72ce-3a2c-9fa5-88b07761863c
kalep178,76713f99-daf0-3e96-924a-35372a74e0af
gonza__002,b228692f-c46d-4017-996f-51e3d298b60e
littlebird,d4b99856-ae5e-38c6-9bd8-69bc344e04f8
zrefresh_,7b19f2b5-d85e-3687-beae-228298af7a8e
s3rx1,dbbf724a-7bd1-3eb9-a73d-1929c5d2010d
demoleitorpro,5f6f48cd-a16a-4469-992b-6659fdf346b7
fire_stick01user,12886ccb-8c77-34a3-a995-8b614e24e901
mrpokemon_yt,df6ad486-8bd7-39e0-8b38-4656e7ef02e5
windynotfound,28ca00a6-85b3-4919-94d3-2c86a8ac5ebc
combat_398,6d48d905-c50f-370c-81cc-4ee5c71d42d0
refussyt,015a6f9a-cb30-4811-bbf2-612888d43829
imdeelis,f7303f41-4c61-4f39-8add-e43f0e8f041a
divector,1db78c24-1c85-3c4e-b996-52b6547966e2
littlemc,b72e99a5-e4c3-351f-9708-00741d6c20c6
luismerma,bcbb25cc-0f6e-3185-850d-85a0d3ef725c
millathegamer,63c21f73-82c2-463c-a1c9-42fe438f90e6
zeldrismaster,424b02a1-54d7-302a-940e-d7f0984d3ac2
crashdavid274,1e9237ac-ef14-47e6-9d5a-355c10a47712
